cdImageLink,cdTitle,description,cdType,coupValue,actionUrl,expiryDate,parentStoreName,ranking,metaKeywords,metaDiscriptions,couponSideValue,featuredOnHome,parentCategory,submitedBy,usedBY,rating,likes,dislikes
ZAActiveStorage_VS/coupon.webp,$5 Off Any Order,NA,coupon,ALI567,https://coupongini.digidip.net/visit?url=https%3A%2F%2Fwww.aliexpress.com%2F,31/12/21,aliexpress,10,NA,NA,$5 Off,FALSE,fashion,NA,1229,4.1,10,1
ZAActiveStorage_VS/coupon.webp,Save 30% Off w/ Promo Code,NA,coupon,BRTOPDEAL3,https://coupongini.digidip.net/visit?url=https%3A%2F%2Fwww.aliexpress.com%2F,31/12/21,aliexpress,10,NA,NA,30% Off,FALSE,fashion,NA,1240,4.1,10,1
ZAActiveStorage_VS/coupon.webp,Save 75% Off,NA,coupon,HU5WKCA64OM9,https://coupongini.digidip.net/visit?url=https%3A%2F%2Fwww.aliexpress.com%2F,31/12/21,aliexpress,10,NA,NA,75% Off,FALSE,fashion,NA,1251,4.1,10,1
ZAActiveStorage_VS/deal.webp,Up To 50% Off Home Improvement and Tools,NA,deal,NA,https://coupongini.digidip.net/visit?url=https%3A%2F%2Fwww.aliexpress.com%2F,31/12/21,aliexpress,10,NA,NA,50% Off,FALSE,fashion,NA,1262,4.1,10,1
ZAActiveStorage_VS/deal.webp,Up To 50% Off Home Decor,NA,deal,NA,https://coupongini.digidip.net/visit?url=https%3A%2F%2Fwww.aliexpress.com%2F,31/12/21,aliexpress,10,NA,NA,50% Off,FALSE,fashion,NA,1273,4.1,10,1
ZAActiveStorage_VS/deal.webp,Up To 50% Off Sale Items,NA,deal,NA,https://coupongini.digidip.net/visit?url=https%3A%2F%2Fwww.aliexpress.com%2F,31/12/21,aliexpress,10,NA,NA,50% Off,FALSE,fashion,NA,1284,4.1,10,1
ZAActiveStorage_VS/deal.webp,Up To 60% Off Dolls,NA,deal,NA,https://coupongini.digidip.net/visit?url=https%3A%2F%2Fwww.aliexpress.com%2F,31/12/21,aliexpress,10,NA,NA,60% Off,FALSE,fashion,NA,1295,4.1,10,1
ZAActiveStorage_VS/coupon.webp,$399 Of FREE Accessories With Every Mattress,NA,coupon,sleepbundle,https://track.flexlinkspro.com/g.ashx?foid=156074.8338.490251&trid=1241732.201228&foc=16&fot=9999&fos=5,31/12/21,nectar,10,NA,NA,$399 Off,FALSE,fashion,NA,1306,4.1,10,1
ZAActiveStorage_VS/coupon.webp,$100 Off All Orders,NA,coupon,NEWNECTAR,https://track.flexlinkspro.com/g.ashx?foid=156074.8338.490251&trid=1241732.201228&foc=16&fot=9999&fos=5,29/07/21,nectar,10,NA,NA,$100 Off,FALSE,fashion,NA,1317,4.1,10,1
ZAActiveStorage_VS/coupon.webp,NectarSleep.Com Discount Code: Get $125 Off Mattress,NA,coupon,BF125,https://track.flexlinkspro.com/g.ashx?foid=156074.8338.490251&trid=1241732.201228&foc=16&fot=9999&fos=5,26/06/21,nectar,10,NA,NA,$125 Off,FALSE,fashion,NA,1328,4.1,10,1
ZAActiveStorage_VS/coupon.webp,$100 Off SiteWide + Free Shipping,NA,coupon,NECTAR100,https://track.flexlinkspro.com/g.ashx?foid=156074.8338.490251&trid=1241732.201228&foc=16&fot=9999&fos=5,29/07/21,nectar,10,NA,NA,$100 Off,FALSE,fashion,NA,1339,4.1,10,1
ZAActiveStorage_VS/deal.webp,15% Off Military Dicount,NA,deal,NA,https://track.flexlinkspro.com/g.ashx?foid=156074.8338.490251&trid=1241732.201228&foc=16&fot=9999&fos=5,31/12/21,nectar,10,NA,NA,15% Off,FALSE,fashion,NA,1350,4.1,10,1
ZAActiveStorage_VS/deal.webp,Up to $359 Off with Nectar Bundle Deals,NA,deal,NA,https://track.flexlinkspro.com/g.ashx?foid=156074.8338.490251&trid=1241732.201228&foc=16&fot=9999&fos=5,31/12/21,nectar,10,NA,NA,$359 Off,FALSE,fashion,NA,1361,4.1,10,1
ZAActiveStorage_VS/deal.webp,$90 Off The Nectar Dresser,NA,deal,NA,https://track.flexlinkspro.com/g.ashx?foid=156074.8338.490251&trid=1241732.201228&foc=16&fot=9999&fos=5,31/12/21,nectar,10,NA,NA,$90 0ff,FALSE,fashion,NA,1372,4.1,10,1
ZAActiveStorage_VS/deal.webp,10% Off Student Offer with UNIdays,NA,deal,NA,https://track.flexlinkspro.com/g.ashx?foid=156178.15359.413341&trid=1241732.202200&foc=16&fot=9999&fos=5,31/12/21,hellomolly,10,NA,NA,10% Off,FALSE,fashion,NA,1383,4.1,10,1
ZAActiveStorage_VS/deal.webp,Up To 70% Off Sale,NA,deal,NA,https://track.flexlinkspro.com/g.ashx?foid=156178.15359.413341&trid=1241732.202200&foc=16&fot=9999&fos=5,31/12/21,hellomolly,10,NA,NA,70% Off,FALSE,fashion,NA,1394,4.1,10,1
ZAActiveStorage_VS/coupon.webp,10% Off On Any Order,NA,coupon,LAUREN10,https://track.flexlinkspro.com/g.ashx?foid=156178.15359.413341&trid=1241732.202200&foc=16&fot=9999&fos=5,31/12/21,hellomolly,10,NA,NA,10% Off,FALSE,fashion,NA,1405,4.1,10,1
ZAActiveStorage_VS/deal.webp,Receive 10% off your next order when you sign up to the newsletter,NA,deal,NA,https://track.flexlinkspro.com/g.ashx?foid=156178.15359.413341&trid=1241732.202200&foc=16&fot=9999&fos=5,31/12/21,hellomolly,10,NA,NA,10% Off,FALSE,fashion,NA,1416,4.1,10,1
ZAActiveStorage_VS/coupon.webp,Get 10% OFF Non-Sale Items,NA,coupon,SIGNUPSQUAD,https://track.flexlinkspro.com/g.ashx?foid=156178.15359.413341&trid=1241732.202200&foc=16&fot=9999&fos=5,01/09/21,hellomolly,10,NA,NA,10% Off,FALSE,fashion,NA,1427,4.1,10,1
ZAActiveStorage_VS/deal.webp,Latest Discounts From Hello Molly,NA,deal,NA,https://track.flexlinkspro.com/g.ashx?foid=156178.15359.413341&trid=1241732.202200&foc=16&fot=9999&fos=5,31/12/21,hellomolly,10,NA,NA,Hot Deal,FALSE,fashion,NA,1438,4.1,10,1
ZAActiveStorage_VS/coupon.webp,$6 Off State Filings,NA,coupon,6OFFSTATE,https://afflat3a1.com/lnk.asp?o=21143&c=918277&a=562402&k=BF8D9EC0EABB411264C5FFCD27D4E347&l=22078,31/12/21,efile,10,NA,NA,$6 Off,FALSE,fashion,NA,1449,4.1,10,1
ZAActiveStorage_VS/coupon.webp,$7 Off State Filings,NA,coupon,7OFFSTATE,https://afflat3a1.com/lnk.asp?o=21143&c=918277&a=562402&k=BF8D9EC0EABB411264C5FFCD27D4E347&l=22078,31/12/21,efile,10,NA,NA,$7 Off,FALSE,fashion,NA,1460,4.2,10,1
ZAActiveStorage_VS/coupon.webp,25% Off Federal E-File,NA,coupon,25OFF,https://afflat3a1.com/lnk.asp?o=21143&c=918277&a=562402&k=BF8D9EC0EABB411264C5FFCD27D4E347&l=22078,31/12/21,efile,10,NA,NA,25% Off,FALSE,fashion,NA,1471,4.1,10,1
ZAActiveStorage_VS/deal.webp,50% Cheaper Tax Filing,NA,deal,NA,https://afflat3a1.com/lnk.asp?o=21143&c=918277&a=562402&k=BF8D9EC0EABB411264C5FFCD27D4E347&l=22078,31/12/21,efile,10,NA,NA,50% Off,FALSE,fashion,NA,1482,4.2,10,1
ZAActiveStorage_VS/deal.webp,30% Off,NA,deal,NA,https://afflat3a1.com/lnk.asp?o=21143&c=918277&a=562402&k=BF8D9EC0EABB411264C5FFCD27D4E347&l=22078,31/12/21,efile,10,NA,NA,30% Off,FALSE,fashion,NA,1493,4.2,10,1
ZAActiveStorage_VS/coupon.webp,$25 Off Enroll Petplan,NA,coupon,25PETCO,https://afflat3a1.com/lnk.asp?o=21281&c=918273&a=562402&k=4DDBCF528B1E4EE503749D0CFE2F00F4&l=22218,31/12/21,petplanca,10,NA,NA,$25 Off,FALSE,fashion,NA,1504,4.2,10,1
ZAActiveStorage_VS/deal.webp,10% Off Sitewide (Automatically Applied At Checkout),NA,deal,NA,https://afflat3a1.com/lnk.asp?o=21281&c=918273&a=562402&k=4DDBCF528B1E4EE503749D0CFE2F00F4&l=22218,31/12/21,petplanca,10,NA,NA,10% Off,FALSE,fashion,NA,1515,4.2,10,1
ZAActiveStorage_VS/deal.webp,Save Up To 90% On Vet Bills With Petplan,NA,deal,NA,https://afflat3a1.com/lnk.asp?o=21281&c=918273&a=562402&k=4DDBCF528B1E4EE503749D0CFE2F00F4&l=22218,31/12/21,petplanca,10,NA,NA,90% Off,FALSE,fashion,NA,1526,4.2,10,1
ZAActiveStorage_VS/deal.webp,Get a PetHub tag when you enroll in today! Enroll now!,NA,deal,NA,https://afflat3a1.com/lnk.asp?o=21281&c=918273&a=562402&k=4DDBCF528B1E4EE503749D0CFE2F00F4&l=22218,31/12/21,petplanca,10,NA,NA,Hot Deal,FALSE,fashion,NA,1537,4.2,10,1
ZAActiveStorage_VS/deal.webp,Up to 30% off bedding!,NA,deal,NA,https://afflat3c1.com/lnk.asp?o=17156&c=918277&a=562402&k=0&l=18355,31/12/21,nectaruk,10,NA,NA,30% Off,FALSE,fashion,NA,1548,4.2,10,1
ZAActiveStorage_VS/deal.webp,Free Standard Delivery To Mainland UK,NA,deal,NA,https://afflat3c1.com/lnk.asp?o=17156&c=918277&a=562402&k=0&l=18355,31/12/21,nectaruk,10,NA,NA,Hot Deal,FALSE,fashion,NA,1559,4.2,10,1
ZAActiveStorage_VS/deal.webp,Save £563 with the Nectar Essential Bundle,NA,deal,NA,https://afflat3c1.com/lnk.asp?o=17156&c=918277&a=562402&k=0&l=18355,31/12/21,nectaruk,10,NA,NA,Hot Deal,FALSE,fashion,NA,1570,4.2,10,1
ZAActiveStorage_VS/deal.webp,365-Night Home Trial,NA,deal,NA,https://afflat3c1.com/lnk.asp?o=17156&c=918277&a=562402&k=0&l=18355,31/12/21,nectaruk,10,NA,NA,Hot Deal,FALSE,fashion,NA,1581,4.2,10,1
ZAActiveStorage_VS/deal.webp,Nectar Bundles,NA,deal,NA,https://afflat3c1.com/lnk.asp?o=17156&c=918277&a=562402&k=0&l=18355,31/12/21,nectaruk,10,NA,NA,Hot Deal,FALSE,fashion,NA,1592,4.2,10,1
ZAActiveStorage_VS/deal.webp,Trustpilot-Verified Reviews,NA,deal,NA,https://afflat3c1.com/lnk.asp?o=17156&c=918277&a=562402&k=0&l=18355,31/12/21,nectaruk,10,NA,NA,Hot Deal,FALSE,fashion,NA,1603,4.2,10,1
ZAActiveStorage_VS/coupon.webp,$25 Off Enroll Petplan,NA,coupon,25PETCO,https://afflat3a1.com/lnk.asp?o=21281&c=918273&a=562402&k=4DDBCF528B1E4EE503749D0CFE2F00F4&l=22218,31/12/21,petplanca,10,NA,NA,$25 Off,FALSE,fashion,NA,1614,4.2,10,1
ZAActiveStorage_VS/deal.webp,10% Off Sitewide (Automatically Applied At Checkout),NA,deal,NA,https://afflat3a1.com/lnk.asp?o=21281&c=918273&a=562402&k=4DDBCF528B1E4EE503749D0CFE2F00F4&l=22218,31/12/21,petplanca,10,NA,NA,10% Off,FALSE,fashion,NA,1625,4.2,10,1
ZAActiveStorage_VS/deal.webp,Save Up To 90% On Vet Bills With Petplan,NA,deal,NA,https://afflat3a1.com/lnk.asp?o=21281&c=918273&a=562402&k=4DDBCF528B1E4EE503749D0CFE2F00F4&l=22218,31/12/21,petplanca,10,NA,NA,90% Off,FALSE,fashion,NA,1636,4.2,10,1
ZAActiveStorage_VS/deal.webp,Get a PetHub tag when you enroll in today! Enroll now!,NA,deal,NA,https://afflat3a1.com/lnk.asp?o=21281&c=918273&a=562402&k=4DDBCF528B1E4EE503749D0CFE2F00F4&l=22218,31/12/21,petplanca,10,NA,NA,Hot Coupon,FALSE,fashion,NA,1647,4.2,10,1
ZAActiveStorage_VS/coupon.webp,$15 Off your First 4 orders of,NA,coupon,PESTO,https://track.flexlinkspro.com/g.ashx?foid=156074.4458.984529&trid=1241732.195731&foc=16&fot=9999&fos=5,31/12/21,freshly,10,NA,NA,$15 Off,FALSE,fashion,NA,1658,4.2,10,1
ZAActiveStorage_VS/coupon.webp,$60 Off Your First Four Orders ($15 Per Order),NA,coupon,LAUNCH15,https://track.flexlinkspro.com/g.ashx?foid=156074.4458.984529&trid=1241732.195731&foc=16&fot=9999&fos=5,31/12/21,freshly,10,NA,NA,$60 Off,FALSE,fashion,NA,1669,4.2,10,1
ZAActiveStorage_VS/coupon.webp,"Dinners Ready! Chef-Prepared, Healthy Meals Delivered Weekly!",NA,coupon,PERKS60,https://track.flexlinkspro.com/g.ashx?foid=156074.4458.984529&trid=1241732.195731&foc=16&fot=9999&fos=5,31/12/21,freshly,10,NA,NA,Hot Coupon,FALSE,fashion,NA,1680,4.2,10,1
ZAActiveStorage_VS/coupon.webp,New! Check out our limited-edition menu featuring meals from celebrity chefs!,NA,coupon,PERKS60,https://track.flexlinkspro.com/g.ashx?foid=156074.4458.984529&trid=1241732.195731&foc=16&fot=9999&fos=5,06/06/21,freshly,10,NA,NA,Hot Coupon,FALSE,fashion,NA,1691,4.2,10,1
ZAActiveStorage_VS/deal.webp,Get $50 off your first 5 orders of ($10 off each week),NA,deal,NA,https://track.flexlinkspro.com/g.ashx?foid=156074.4458.984529&trid=1241732.195731&foc=16&fot=9999&fos=5,31/12/21,freshly,10,NA,NA,$50 Off,FALSE,fashion,NA,1702,4.2,10,1
ZAActiveStorage_VS/deal.webp,New Get $60 Off Your First Four Weeks!,NA,deal,NA,https://track.flexlinkspro.com/g.ashx?foid=156074.4458.984529&trid=1241732.195731&foc=16&fot=9999&fos=5,31/12/21,freshly,10,NA,NA,$60 Off,FALSE,fashion,NA,1713,4.2,10,1
ZAActiveStorage_VS/coupon.webp,Flat 15% OFF for Personalized Gifts !,NA,coupon,OMG15PSG,https://ad.admitad.com/g/ccc4bwskugef24eb5d449889a1a15e/?i=3,31/12/21,fnp,10,NA,NA,15% Off,FALSE,fashion,NA,1724,4.2,10,1
ZAActiveStorage_VS/coupon.webp,"Flat ₹ 200 OFF on Gifts above ₹ 1,550",NA,coupon,FNPOMGD200,https://ad.admitad.com/g/ccc4bwskugef24eb5d449889a1a15e/?i=3,31/12/21,fnp,10,NA,NA,₹ 200 Off,FALSE,fashion,NA,1735,4.2,10,1
ZAActiveStorage_VS/coupon.webp,Flat 15% OFF for ALL Gifts Purchases Site-Wide,NA,coupon,ICW01,https://ad.admitad.com/g/ccc4bwskugef24eb5d449889a1a15e/?i=3,31/12/21,fnp,10,NA,NA,15% Off,FALSE,fashion,NA,1746,4.2,10,1
ZAActiveStorage_VS/coupon.webp,Flat 10% Off on ALL Orders Sitewide,NA,coupon,CART10,https://ad.admitad.com/g/ccc4bwskugef24eb5d449889a1a15e/?i=3,31/12/21,fnp,10,NA,NA,10% Off,FALSE,fashion,NA,1757,4.2,10,1
ZAActiveStorage_VS/coupon.webp,$75 off Couples We-Vibe Sync,NA,coupon,COSMO10!,https://afflat3a1.com/lnk.asp?o=20430&c=918277&a=562402&k=0&l=21491,31/12/21,wevibe,10,NA,NA,$75 Off,FALSE,fashion,NA,1768,4.2,10,1
ZAActiveStorage_VS/coupon.webp,5% off Sitewide Coupon,NA,coupon,VIPLIST!,https://afflat3a1.com/lnk.asp?o=20430&c=918277&a=562402&k=0&l=21491,31/12/21,wevibe,10,NA,NA,5% Off,FALSE,fashion,NA,1779,4.2,10,1
ZAActiveStorage_VS/deal.webp,Latest Discounts From Womanizer,NA,deal,NA,https://afflat3a1.com/lnk.asp?o=20430&c=918277&a=562402&k=0&l=21491,31/12/21,wevibe,10,NA,NA,Hot Deal,FALSE,fashion,NA,1790,4.2,10,1
ZAActiveStorage_VS/deal.webp,Exclusive Savings,NA,deal,NA,https://afflat3a1.com/lnk.asp?o=20430&c=918277&a=562402&k=0&l=21491,31/12/21,wevibe,10,NA,NA,Hot Deal,FALSE,fashion,NA,1801,4.2,10,1
ZAActiveStorage_VS/coupon.webp,10% off any order,NA,coupon,COSMO10,https://afflat3a1.com/lnk.asp?o=20430&c=918277&a=562402&k=0&l=21491,31/12/21,wevibe,10,NA,NA,10% Off,FALSE,fashion,NA,1812,4.2,10,1
ZAActiveStorage_VS/deal.webp,Up to 40% off Sale items + Free Shipping,NA,deal,NA,https://afflat3a1.com/lnk.asp?o=20430&c=918277&a=562402&k=0&l=21491,31/12/21,wevibe,10,NA,NA,40% Off,FALSE,fashion,NA,1823,4.2,10,1
ZAActiveStorage_VS/coupon.webp,"$100 Off $1,000+ Orders",NA,coupon,SRJ,https://afflat3c1.com/lnk.asp?o=19440&c=918277&a=562402&k=0&l=20419,31/12/21,brownells,10,NA,NA,$100 Off,FALSE,fashion,NA,1834,4.2,10,1
ZAActiveStorage_VS/coupon.webp,$50 Off Orders $550+,NA,coupon,SRH,https://afflat3c1.com/lnk.asp?o=19440&c=918277&a=562402&k=0&l=20419,31/12/21,brownells,10,NA,NA,$50 Off,FALSE,fashion,NA,1845,4.2,10,1
ZAActiveStorage_VS/coupon.webp,$20 Off $250+ Orders,NA,coupon,SRG,https://afflat3c1.com/lnk.asp?o=19440&c=918277&a=562402&k=0&l=20419,31/12/21,brownells,10,NA,NA,$20 Off,FALSE,fashion,NA,1856,4.2,10,1
ZAActiveStorage_VS/coupon.webp,$10 Off $99+ Orders,NA,coupon,RSA,https://afflat3c1.com/lnk.asp?o=19440&c=918277&a=562402&k=0&l=20419,31/12/21,brownells,10,NA,NA,$10 Off,FALSE,fashion,NA,1867,4.2,10,1
ZAActiveStorage_VS/coupon.webp,$15 Off $150+ Orders,NA,coupon,SAE,https://afflat3c1.com/lnk.asp?o=19440&c=918277&a=562402&k=0&l=20419,31/12/21,brownells,10,NA,NA,$15 Off,FALSE,fashion,NA,1878,4.2,10,1
ZAActiveStorage_VS/coupon.webp,$40 Off $450+ Order,NA,coupon,VST,https://afflat3c1.com/lnk.asp?o=19440&c=918277&a=562402&k=0&l=20419,31/12/21,brownells,10,NA,NA,$40 Off,FALSE,fashion,NA,1889,4.2,10,1
ZAActiveStorage_VS/coupon.webp,$20 Off $250+ Orders,NA,coupon,VSJ,https://afflat3c1.com/lnk.asp?o=19440&c=918277&a=562402&k=0&l=20419,31/12/21,brownells,10,NA,NA,$20 Off,FALSE,fashion,NA,1900,4.2,10,1
ZAActiveStorage_VS/coupon.webp,$10 Off $100+ Order,NA,coupon,RTA,https://afflat3c1.com/lnk.asp?o=19440&c=918277&a=562402&k=0&l=20419,31/12/21,brownells,10,NA,NA,$10 Off,FALSE,fashion,NA,1911,4.2,10,1
ZAActiveStorage_VS/coupon.webp,$15 Off $150+ Orders,NA,coupon,TAG,https://afflat3c1.com/lnk.asp?o=19440&c=918277&a=562402&k=0&l=20419,31/12/21,brownells,10,NA,NA,$15 Off,FALSE,fashion,NA,1922,4.2,10,1
ZAActiveStorage_VS/coupon.webp,Free Shipping On Orders $99+,NA,coupon,Q63,https://afflat3c1.com/lnk.asp?o=19440&c=918277&a=562402&k=0&l=20419,31/12/21,brownells,10,NA,NA,Free Ship,FALSE,fashion,NA,1933,4.2,10,1
ZAActiveStorage_VS/deal.webp,Gun Cleaning and Lubricants,NA,deal,NA,https://afflat3c1.com/lnk.asp?o=19440&c=918277&a=562402&k=0&l=20419,31/12/21,brownells,10,NA,NA,Hot Deal,FALSE,fashion,NA,1944,4.2,10,1
ZAActiveStorage_VS/deal.webp,Gunsmithing Tools,NA,deal,NA,https://afflat3c1.com/lnk.asp?o=19440&c=918277&a=562402&k=0&l=20419,31/12/21,brownells,10,NA,NA,Hot Deal,FALSE,fashion,NA,1955,4.2,10,1
ZAActiveStorage_VS/deal.webp,Tactical Weapon Lights,NA,deal,NA,https://afflat3c1.com/lnk.asp?o=19440&c=918277&a=562402&k=0&l=20419,31/12/21,brownells,10,NA,NA,Hot Deal,FALSE,fashion,NA,1966,4.2,10,1
ZAActiveStorage_VS/deal.webp,How-To Videos,NA,deal,NA,https://afflat3c1.com/lnk.asp?o=19440&c=918277&a=562402&k=0&l=20419,31/12/21,brownells,10,NA,NA,Hot Deal,FALSE,fashion,NA,1977,4.2,10,1
ZAActiveStorage_VS/deal.webp,Factory Gun Parts,NA,deal,NA,https://afflat3c1.com/lnk.asp?o=19440&c=918277&a=562402&k=0&l=20419,31/12/21,brownells,10,NA,NA,Hot Deal,FALSE,fashion,NA,1988,4.2,10,1
ZAActiveStorage_VS/deal.webp,AR-15/M16 Parts and Accessories,NA,deal,NA,https://afflat3c1.com/lnk.asp?o=19440&c=918277&a=562402&k=0&l=20419,31/12/21,brownells,10,NA,NA,Hot Deal,FALSE,fashion,NA,1999,4.2,10,1
ZAActiveStorage_VS/deal.webp,"Sights, Scopes, and Mounts",NA,deal,NA,https://afflat3c1.com/lnk.asp?o=19440&c=918277&a=562402&k=0&l=20419,31/12/21,brownells,10,NA,NA,Hot Deal,FALSE,fashion,NA,2010,4.2,10,1
ZAActiveStorage_VS/deal.webp,Factory Parts,NA,deal,NA,https://afflat3c1.com/lnk.asp?o=19440&c=918277&a=562402&k=0&l=20419,31/12/21,brownells,10,NA,NA,Hot Deal,FALSE,fashion,NA,2021,4.2,10,1
ZAActiveStorage_VS/deal.webp,Shotgun Parts,NA,deal,NA,https://afflat3c1.com/lnk.asp?o=19440&c=918277&a=562402&k=0&l=20419,31/12/21,brownells,10,NA,NA,Hot Deal,FALSE,fashion,NA,2032,4.2,10,1
ZAActiveStorage_VS/deal.webp,Rifle Parts,NA,deal,NA,https://afflat3c1.com/lnk.asp?o=19440&c=918277&a=562402&k=0&l=20419,31/12/21,brownells,10,NA,NA,Hot Deal,FALSE,fashion,NA,2043,4.2,10,1
ZAActiveStorage_VS/deal.webp,Text Link,NA,deal,NA,https://afflat3c1.com/lnk.asp?o=19440&c=918277&a=562402&k=0&l=20419,31/12/21,brownells,10,NA,NA,Hot Deal,FALSE,fashion,NA,2054,4.2,10,1
ZAActiveStorage_VS/deal.webp,Latest Discounts From Brownells,NA,deal,NA,https://afflat3c1.com/lnk.asp?o=19440&c=918277&a=562402&k=0&l=20419,31/12/21,brownells,10,NA,NA,Hot Deal,FALSE,fashion,NA,2065,4.2,10,1
ZAActiveStorage_VS/deal.webp,Exclusive Savings,NA,deal,NA,https://afflat3c1.com/lnk.asp?o=19440&c=918277&a=562402&k=0&l=20419,31/12/21,brownells,10,NA,NA,Hot Deal,FALSE,fashion,NA,2076,4.2,10,1
ZAActiveStorage_VS/coupon.webp,Take £10.00 Off w/ Promo Code,NA,coupon,S50S10AG,https://www.awin1.com/cread.php?awinmid=3769&awinaffid=847033,31/12/21,dunelm,10,NA,NA, £10 Off,FALSE,fashion,NA,2087,4.2,10,1
ZAActiveStorage_VS/deal.webp,Up to 50% off on thousands of products online and in-store!,NA,deal,NA,https://www.awin1.com/cread.php?awinmid=3769&awinaffid=847033,31/12/21,dunelm,10,NA,NA,50% Off,FALSE,fashion,NA,2098,4.2,10,1
ZAActiveStorage_VS/deal.webp,Free Delivery on Orders Over £49,NA,deal,NA,https://www.awin1.com/cread.php?awinmid=3769&awinaffid=847033,31/12/21,dunelm,10,NA,NA,Free Ship,FALSE,fashion,NA,2109,4.2,10,1
ZAActiveStorage_VS/deal.webp,Up to 50% off Selected Items - In-store and Online now,NA,deal,NA,https://www.awin1.com/cread.php?awinmid=3769&awinaffid=847033,31/12/21,dunelm,10,NA,NA,50% Off,FALSE,fashion,NA,2120,4.2,10,1
ZAActiveStorage_VS/deal.webp,Enjoy up to 50% off in the Clearance,NA,deal,NA,https://www.awin1.com/cread.php?awinmid=3769&awinaffid=847033,31/12/21,dunelm,10,NA,NA,50% Off,FALSE,fashion,NA,2131,4.2,10,1
ZAActiveStorage_VS/deal.webp,50% off Kids Collapsible Ottomans,NA,deal,NA,https://www.awin1.com/cread.php?awinmid=3769&awinaffid=847033,31/12/21,dunelm,10,NA,NA,50% Off,FALSE,fashion,NA,2142,4.2,10,1
ZAActiveStorage_VS/deal.webp,Home Office Furniture from £39,NA,deal,NA,https://www.awin1.com/cread.php?awinmid=3769&awinaffid=847033,31/12/21,dunelm,10,NA,NA,Hot Deal,FALSE,fashion,NA,2153,4.2,10,1
ZAActiveStorage_VS/deal.webp,Beanbags from Only £17,NA,deal,NA,https://www.awin1.com/cread.php?awinmid=3769&awinaffid=847033,31/12/21,dunelm,10,NA,NA,Hot Deal,FALSE,fashion,NA,2164,4.2,10,1
ZAActiveStorage_VS/deal.webp,Garden Lighting from Only £20,NA,deal,NA,https://www.awin1.com/cread.php?awinmid=3769&awinaffid=847033,31/12/21,dunelm,10,NA,NA,Hot Deal,FALSE,fashion,NA,2175,4.2,10,1
ZAActiveStorage_VS/deal.webp,Up to 50% off Select Bedding,NA,deal,NA,https://www.awin1.com/cread.php?awinmid=3769&awinaffid=847033,31/12/21,dunelm,10,NA,NA,50% Off,FALSE,fashion,NA,2186,4.2,10,1
ZAActiveStorage_VS/coupon.webp,10% Off Casetify Masks when you buy 2+ Pack of 30pc Masks,NA,coupon,3PLYMASK10,https://casetify.hyyc7q.net/DVyOQy,31/12/21,casetify,10,NA,NA,10% Off,FALSE,fashion,NA,2197,4.2,10,1
ZAActiveStorage_VS/coupon.webp,"Get 10% Off 1 Item, 20% Off Multiple Items For The Conscious Collection Only",NA,coupon,GOECO,https://casetify.hyyc7q.net/DVyOQy,31/12/21,casetify,10,NA,NA,10% Off,FALSE,fashion,NA,2208,4.2,10,1
ZAActiveStorage_VS/deal.webp,15% Off + Free Shipping Student Discount,NA,deal,NA,https://casetify.hyyc7q.net/DVyOQy,31/12/21,casetify,10,NA,NA,15% Off,FALSE,fashion,NA,2219,4.2,10,1
ZAActiveStorage_VS/deal.webp,Free Shipping on All Orders,NA,deal,NA,https://casetify.hyyc7q.net/DVyOQy,31/12/21,casetify,10,NA,NA,Free Ship,FALSE,fashion,NA,2230,4.2,10,1
ZAActiveStorage_VS/deal.webp,iPhone 12 Cases,NA,deal,NA,https://casetify.hyyc7q.net/DVyOQy,31/12/21,casetify,10,NA,NA,Hot Deal,FALSE,fashion,NA,2241,4.2,10,1
ZAActiveStorage_VS/deal.webp,$10 Refer a Friend Program,NA,deal,NA,https://casetify.hyyc7q.net/DVyOQy,31/12/21,casetify,10,NA,NA,Hot Deal,FALSE,fashion,NA,2252,4.2,10,1
ZAActiveStorage_VS/deal.webp,Latest Discounts From Casetify,NA,deal,NA,https://casetify.hyyc7q.net/DVyOQy,31/12/21,casetify,10,NA,NA,Hot Deal,FALSE,fashion,NA,2263,4.2,10,1
ZAActiveStorage_VS/coupon.webp,25% Off Your Order + Free Shipping,NA,coupon,G8VUBZ,https://casetify.hyyc7q.net/DVyOQy,31/12/21,casetify,10,NA,NA,25% Off,FALSE,fashion,NA,2274,4.2,10,1
ZAActiveStorage_VS/coupon.webp,25% Off,NA,coupon,4rwatf,https://casetify.hyyc7q.net/DVyOQy,31/12/21,casetify,10,NA,NA,25% Off,FALSE,fashion,NA,2285,4.2,10,1
ZAActiveStorage_VS/coupon.webp,25% Off Sitewide,NA,coupon,Magna15,https://casetify.hyyc7q.net/DVyOQy,31/12/21,casetify,10,NA,NA,25% Off,FALSE,fashion,NA,2296,4.2,10,1
ZAActiveStorage_VS/coupon.webp,15% Off Sitewide,NA,coupon,LIN15,https://casetify.hyyc7q.net/DVyOQy,31/12/21,casetify,10,NA,NA,15% Off,FALSE,fashion,NA,2307,4.2,10,1
ZAActiveStorage_VS/coupon.webp,20% Off Sitewide,NA,coupon,YESPLEASE,https://www.awin1.com/cread.php?awinmid=23362&awinaffid=847033,31/12/21,m&s,10,NA,NA,20% Off,FALSE,fashion,NA,2318,4.2,10,1
ZAActiveStorage_VS/coupon.webp,15% Off Any Order,NA,coupon,JUX,https://www.awin1.com/cread.php?awinmid=23362&awinaffid=847033,31/12/21,m&s,10,NA,NA,15% Off,FALSE,fashion,NA,2329,4.2,10,1
ZAActiveStorage_VS/deal.webp,10% Off With Email Sign Up at Marks & Spencer,NA,deal,NA,https://www.awin1.com/cread.php?awinmid=23362&awinaffid=847033,31/12/21,m&s,10,NA,NA,10% Off,FALSE,fashion,NA,2340,4.2,10,1
ZAActiveStorage_VS/deal.webp,Free Express Home Delivery On $120+ Order,NA,deal,NA,https://www.awin1.com/cread.php?awinmid=23362&awinaffid=847033,31/12/21,m&s,10,NA,NA,Hot Deal,FALSE,fashion,NA,2351,4.2,10,1
ZAActiveStorage_VS/deal.webp,Latest Discounts From Marks and Spencer US,NA,deal,NA,https://www.awin1.com/cread.php?awinmid=23362&awinaffid=847033,31/12/21,m&s,10,NA,NA,Hot Deal,FALSE,fashion,NA,2362,4.2,10,1
ZAActiveStorage_VS/coupon.webp,15% Off Sitewide,NA,coupon,HSBC15,https://www.awin1.com/cread.php?awinmid=6798&awinaffid=847033,31/12/21,edx,10,NA,NA,15% Off,FALSE,fashion,NA,2373,4.2,10,1
ZAActiveStorage_VS/coupon.webp,15% Off All Courses,NA,coupon,EDXWELCOME,https://www.awin1.com/cread.php?awinmid=6798&awinaffid=847033,31/12/21,edx,10,NA,NA,15% Off,FALSE,fashion,NA,2384,4.2,10,1
ZAActiveStorage_VS/coupon.webp,Sitewide – Flat 10% Off On All Courses,NA,coupon,TIEVSNUNUNS3UOCZ,https://www.awin1.com/cread.php?awinmid=6798&awinaffid=847033,31/12/21,edx,10,NA,NA,10% Off,FALSE,fashion,NA,2395,4.2,10,1
ZAActiveStorage_VS/coupon.webp,"Online Courses – Flat 7% Off On Computer Science, Data Science, Languages & More Courses",NA,coupon,KS6GXANBQIOJW65J,https://www.awin1.com/cread.php?awinmid=6798&awinaffid=847033,31/12/21,edx,10,NA,NA,7% Off,FALSE,fashion,NA,2406,4.2,10,1
ZAActiveStorage_VS/deal.webp,10% Off when You Purchase A Bundle Of Courses For Select Micromasters And Professional Certificate P...,NA,deal,NA,https://www.awin1.com/cread.php?awinmid=6798&awinaffid=847033,31/12/21,edx,10,NA,NA,10% Off,FALSE,fashion,NA,2417,4.2,10,1
ZAActiveStorage_VS/deal.webp,9% Off Software Development MicroMasters Program,NA,deal,NA,https://www.awin1.com/cread.php?awinmid=6798&awinaffid=847033,31/12/21,edx,10,NA,NA,9% Off,FALSE,fashion,NA,2428,4.2,10,1
ZAActiveStorage_VS/deal.webp,9% Off Marketing Analytics MicroMasters Program,NA,deal,NA,https://www.awin1.com/cread.php?awinmid=6798&awinaffid=847033,31/12/21,edx,10,NA,NA,9% Off,FALSE,fashion,NA,2439,4.2,10,1
ZAActiveStorage_VS/coupon.webp,15% Off Sitewide,NA,coupon,SUMMERSAVINGS15,https://afflat3a1.com/lnk.asp?o=19115&c=918277&a=562402&k=0&l=20196,31/12/21,ellevet,10,NA,NA,15% Off,FALSE,fashion,NA,2450,4.2,10,1
ZAActiveStorage_VS/coupon.webp,15% Off Your First Purchase,NA,coupon,SAVE15,https://afflat3a1.com/lnk.asp?o=19115&c=918277&a=562402&k=0&l=20196,31/12/21,ellevet,10,NA,NA,15% Off,FALSE,fashion,NA,2461,4.2,10,1
ZAActiveStorage_VS/coupon.webp,15% Off Discount Code,NA,coupon,ELLEVET15,https://afflat3a1.com/lnk.asp?o=19115&c=918277&a=562402&k=0&l=20196,31/12/21,ellevet,10,NA,NA,15% Off,FALSE,fashion,NA,2472,4.2,10,1
ZAActiveStorage_VS/deal.webp,Free Shipping On Orders Over $150,NA,deal,NA,https://afflat3a1.com/lnk.asp?o=19115&c=918277&a=562402&k=0&l=20196,31/12/21,ellevet,10,NA,NA,Free Ship,FALSE,fashion,NA,2483,4.2,10,1
ZAActiveStorage_VS/deal.webp,Latest ElleVet Discounts,NA,deal,NA,https://afflat3a1.com/lnk.asp?o=19115&c=918277&a=562402&k=0&l=20196,31/12/21,ellevet,10,NA,NA,Hot Deal,FALSE,fashion,NA,2494,4.2,10,1
ZAActiveStorage_VS/coupon.webp,Redeem The Coupon Code At Checkout And Save 15% On Your Booking.,NA,coupon,HOLIDAY7,https://www.agoda.com/partners/partnersearch.aspx?pcs=1&cid=1892546&hl=en-us,31/12/21,agoda,10,NA,NA,Hot Deal,FALSE,fashion,NA,2505,4.2,10,1
ZAActiveStorage_VS/coupon.webp,Agoda - Enjoy A 5% Discount When You Booking Accommodation In Boston. Enter,NA,coupon,BOSTON,https://www.agoda.com/partners/partnersearch.aspx?pcs=1&cid=1892546&hl=en-us,31/12/21,agoda,10,NA,NA,5% Off,FALSE,fashion,NA,2516,4.2,10,1
ZAActiveStorage_VS/coupon.webp,Redeem This Promo Code At Checkout And Save 5% On Manila Booking at Agoda,NA,coupon,MANILA,https://www.agoda.com/partners/partnersearch.aspx?pcs=1&cid=1892546&hl=en-us,31/12/21,agoda,10,NA,NA,Hot Coupon,FALSE,fashion,NA,2527,4.2,10,1
ZAActiveStorage_VS/coupon.webp,Enjoy A 7% Discount On Your Purchase Using This Promo Code At Checkout.,NA,coupon,TRAVEL7,https://www.agoda.com/partners/partnersearch.aspx?pcs=1&cid=1892546&hl=en-us,31/12/21,agoda,10,NA,NA,7% Off,FALSE,fashion,NA,2538,4.2,10,1
ZAActiveStorage_VS/coupon.webp,Get A 5% Discount When You Book Hawai Beach Accommodation.,NA,coupon,HAWAI,https://www.agoda.com/partners/partnersearch.aspx?pcs=1&cid=1892546&hl=en-us,31/12/21,agoda,10,NA,NA,5% Off,FALSE,fashion,NA,2549,4.2,10,1
ZAActiveStorage_VS/coupon.webp,Agoda - Enjoy A 10% Discount When You Book A Seoul Tour. Enter Coupon Code At Checkout.,NA,coupon,SEOUL,https://www.agoda.com/partners/partnersearch.aspx?pcs=1&cid=1892546&hl=en-us,31/12/21,agoda,10,NA,NA,10% Off,FALSE,fashion,NA,2560,4.2,10,1
ZAActiveStorage_VS/coupon.webp,Book Your Trip To Singapore And Save 5% On Your Order. Enter Coupon Code At Checkout.,NA,coupon,SINGAPORE,https://www.agoda.com/partners/partnersearch.aspx?pcs=1&cid=1892546&hl=en-us,31/12/21,agoda,10,NA,NA,5% Off,FALSE,fashion,NA,2571,4.2,10,1
ZAActiveStorage_VS/coupon.webp,Agoda - Plan Your Phuket Holidays And Save 5% On The Hotel Booking.,NA,coupon,PHUKET,https://www.agoda.com/partners/partnersearch.aspx?pcs=1&cid=1892546&hl=en-us,31/12/21,agoda,10,NA,NA,5% Off,FALSE,fashion,NA,2582,4.2,10,1
ZAActiveStorage_VS/coupon.webp,Agoda - Plan Your Madrid Trip And Save 5% On Your Hotel Booking,NA,coupon,MADRID,https://www.agoda.com/partners/partnersearch.aspx?pcs=1&cid=1892546&hl=en-us,31/12/21,agoda,10,NA,NA,5% Off,FALSE,fashion,NA,2593,4.2,10,1
ZAActiveStorage_VS/coupon.webp,Book Now And Enjoy An 8% Discount On Your Accommodation By Using The Pro,NA,coupon,REYKJAVIK,https://www.agoda.com/partners/partnersearch.aspx?pcs=1&cid=1892546&hl=en-us,31/12/21,agoda,10,NA,NA,8% Off,FALSE,fashion,NA,2604,4.2,10,1
ZAActiveStorage_VS/coupon.webp,pply This Discount Code At Checkout And Save 5% On Accommodation In Vancouver,NA,coupon,VANCOUVER,https://www.agoda.com/partners/partnersearch.aspx?pcs=1&cid=1892546&hl=en-us,31/12/21,agoda,10,NA,NA,5% Off,FALSE,fashion,NA,2615,4.2,10,1
ZAActiveStorage_VS/coupon.webp,Agoda - Redeem This Promo Code At Checkout And Save 5% On Accommodations In Paris.,NA,coupon,PARIS18,https://www.agoda.com/partners/partnersearch.aspx?pcs=1&cid=1892546&hl=en-us,31/12/21,agoda,10,NA,NA,5% Off,FALSE,fashion,NA,2626,4.2,10,1
ZAActiveStorage_VS/coupon.webp,Plan Your Moscow Holiday Accommodation And Save 5% On Your Order,NA,coupon,MOSCOW,https://www.agoda.com/partners/partnersearch.aspx?pcs=1&cid=1892546&hl=en-us,31/12/21,agoda,10,NA,NA,5% Off,FALSE,fashion,NA,2637,4.2,10,1
ZAActiveStorage_VS/coupon.webp,Book Your Hong Kong Vacation And Save 10% When You Apply This Coupon Code,NA,coupon,HONGKONG,https://www.agoda.com/partners/partnersearch.aspx?pcs=1&cid=1892546&hl=en-us,31/12/21,agoda,10,NA,NA,10% Off,FALSE,fashion,NA,2648,4.2,10,1
ZAActiveStorage_VS/deal.webp,Latest Discounts From Agoda,NA,deal,NA,https://www.agoda.com/partners/partnersearch.aspx?pcs=1&cid=1892546&hl=en-us,31/12/21,agoda,10,NA,NA,Hot Deal,FALSE,fashion,NA,2659,4.2,10,1
ZAActiveStorage_VS/deal.webp,Save Up to 75% on Hotels Worldwide,NA,deal,NA,https://www.agoda.com/partners/partnersearch.aspx?pcs=1&cid=1892546&hl=en-us,31/12/21,agoda,10,NA,NA,75% Off,FALSE,fashion,NA,2670,4.2,10,1
ZAActiveStorage_VS/deal.webp,Las Vegas (NV) Search Page,NA,deal,NA,https://www.agoda.com/partners/partnersearch.aspx?pcs=1&cid=1892546&hl=en-us,31/12/21,agoda,10,NA,NA,Hot Deal,FALSE,fashion,NA,2681,4.2,10,1
ZAActiveStorage_VS/deal.webp,Paris Search Page,NA,deal,NA,https://www.agoda.com/partners/partnersearch.aspx?pcs=1&cid=1892546&hl=en-us,31/12/21,agoda,10,NA,NA,Hot Deal,FALSE,fashion,NA,2692,4.2,10,1
ZAActiveStorage_VS/deal.webp,Atlanta (GA) Search Page,NA,deal,NA,https://www.agoda.com/partners/partnersearch.aspx?pcs=1&cid=1892546&hl=en-us,31/12/21,agoda,10,NA,NA,Hot Deal,FALSE,fashion,NA,2703,4.2,10,1
ZAActiveStorage_VS/deal.webp,"Over 2,000,000 vacation rentals and hotels worldwide",NA,deal,NA,https://www.agoda.com/partners/partnersearch.aspx?pcs=1&cid=1892546&hl=en-us,31/12/21,agoda,10,NA,NA,Hot Deal,FALSE,fashion,NA,2714,4.2,10,1
ZAActiveStorage_VS/deal.webp,Check out our Daily Deals,NA,deal,NA,https://www.agoda.com/partners/partnersearch.aspx?pcs=1&cid=1892546&hl=en-us,31/12/21,agoda,10,NA,NA,Hot Deal,FALSE,fashion,NA,2725,4.2,10,1
ZAActiveStorage_VS/coupon.webp,Take $10 Off w/ Discount Code,NA,coupon,FLEATICK20,https://coupongini.digidip.net/visit?url=https%3A%2F%2Fwww.chewy.com%2F,31/12/21,chewy,10,NA,NA,$10 Off,FALSE,fashion,NA,2736,4.2,10,1
ZAActiveStorage_VS/coupon.webp,Save 10% Off Using Code,NA,coupon,10FORYOU766,https://coupongini.digidip.net/visit?url=https%3A%2F%2Fwww.chewy.com%2F,31/12/21,chewy,10,NA,NA,10% Off,FALSE,fashion,NA,2747,4.2,10,1
ZAActiveStorage_VS/coupon.webp,Save 25% Off w/ Promo Code,NA,coupon,45L37EMS,https://coupongini.digidip.net/visit?url=https%3A%2F%2Fwww.chewy.com%2F,31/12/21,chewy,10,NA,NA,25% Off,FALSE,fashion,NA,2758,4.2,10,1
ZAActiveStorage_VS/coupon.webp,Take $5 Off Using Code,NA,coupon,HILLSSD5OFF,https://coupongini.digidip.net/visit?url=https%3A%2F%2Fwww.chewy.com%2F,31/12/21,chewy,10,NA,NA,$5 Off,FALSE,fashion,NA,2769,4.2,10,1
ZAActiveStorage_VS/coupon.webp,Take $5 Off w/ Coupon Code,NA,coupon,HILLS5OFF,https://coupongini.digidip.net/visit?url=https%3A%2F%2Fwww.chewy.com%2F,31/12/21,chewy,10,NA,NA,$5 Off,FALSE,fashion,NA,2780,4.2,10,1
ZAActiveStorage_VS/coupon.webp,Save 40% Off,NA,coupon,JUSTFORYOU,https://coupongini.digidip.net/visit?url=https%3A%2F%2Fwww.chewy.com%2F,31/12/21,chewy,10,NA,NA,40% Off,FALSE,fashion,NA,2791,4.2,10,1
ZAActiveStorage_VS/coupon.webp,Save 40% Off Sitewide using Coupon Code,NA,coupon,SPRING,https://coupongini.digidip.net/visit?url=https%3A%2F%2Fwww.chewy.com%2F,31/12/21,chewy,10,NA,NA,40% Off,FALSE,fashion,NA,2802,4.2,10,1
ZAActiveStorage_VS/deal.webp,Save 35% on Your First Auto-Ship,NA,deal,NA,https://coupongini.digidip.net/visit?url=https%3A%2F%2Fwww.chewy.com%2F,31/12/21,chewy,10,NA,NA,35% Off,FALSE,fashion,NA,2813,4.2,10,1
ZAActiveStorage_VS/deal.webp,Up to 10% on Every Autoship Order!,NA,deal,NA,https://coupongini.digidip.net/visit?url=https%3A%2F%2Fwww.chewy.com%2F,31/12/21,chewy,10,NA,NA,10% Off,FALSE,fashion,NA,2824,4.2,10,1
ZAActiveStorage_VS/deal.webp,Up to 30% Off On Your First Chewy Autoship Order,NA,deal,NA,https://coupongini.digidip.net/visit?url=https%3A%2F%2Fwww.chewy.com%2F,31/12/21,chewy,10,NA,NA,30% Off,FALSE,fashion,NA,2835,4.2,10,1
ZAActiveStorage_VS/coupon.webp,Save 20% Off w/ Coupon Code,NA,coupon,MORGAN21,https://track.flexlinkspro.com/g.ashx?foid=1.42396.2000000506&trid=1241732.192534&foc=16&fot=9999&fos=5,31/12/21,tumi,10,NA,NA,20% Off,FALSE,fashion,NA,2846,4.2,10,1
ZAActiveStorage_VS/coupon.webp,Save 30% Off,NA,coupon,B2B30,https://track.flexlinkspro.com/g.ashx?foid=1.42396.2000000506&trid=1241732.192534&foc=16&fot=9999&fos=5,31/12/21,tumi,10,NA,NA,30% Off,FALSE,fashion,NA,2857,4.2,10,1
ZAActiveStorage_VS/coupon.webp,Save 20% Off using Coupon Code,NA,coupon,BX1-7EA3-PAB5-7L6H,https://track.flexlinkspro.com/g.ashx?foid=1.42396.2000000506&trid=1241732.192534&foc=16&fot=9999&fos=5,31/12/21,tumi,10,NA,NA,20% Off,FALSE,fashion,NA,2868,4.2,10,1
ZAActiveStorage_VS/coupon.webp,Take $95 Off w/ Promo Code,NA,coupon,BX1-4KGG-P5N3-5N5B,https://track.flexlinkspro.com/g.ashx?foid=1.42396.2000000506&trid=1241732.192534&foc=16&fot=9999&fos=5,31/12/21,tumi,10,NA,NA,$95 Off,FALSE,fashion,NA,2879,4.2,10,1
ZAActiveStorage_VS/coupon.webp,Save 20% Off w/ Discount Code,NA,coupon,VIP2021,https://track.flexlinkspro.com/g.ashx?foid=1.42396.2000000506&trid=1241732.192534&foc=16&fot=9999&fos=5,31/12/21,tumi,10,NA,NA,20% Off,FALSE,fashion,NA,2890,4.2,10,1
ZAActiveStorage_VS/coupon.webp,Save 20% Off,NA,coupon,SAVE20,https://track.flexlinkspro.com/g.ashx?foid=1.42396.2000000506&trid=1241732.192534&foc=16&fot=9999&fos=5,31/12/21,tumi,10,NA,NA,20% Off,FALSE,fashion,NA,2901,4.2,10,1
ZAActiveStorage_VS/coupon.webp,Save 20% Off with Code,NA,coupon,CYBER20,https://track.flexlinkspro.com/g.ashx?foid=1.42396.2000000506&trid=1241732.192534&foc=16&fot=9999&fos=5,31/12/21,tumi,10,NA,NA,20% Off,FALSE,fashion,NA,2912,4.2,10,1
ZAActiveStorage_VS/deal.webp,Free shipping for all US orders.,NA,deal,NA,https://track.flexlinkspro.com/g.ashx?foid=1.42396.2000000506&trid=1241732.192534&foc=16&fot=9999&fos=5,31/12/21,tumi,10,NA,NA,Free Ship,FALSE,fashion,NA,2923,4.2,10,1
ZAActiveStorage_VS/coupon.webp,Save 35% Off Using Code,NA,coupon,MAKEMUSIC21,https://coupongini.digidip.net/visit?url=https%3A%2F%2Fwww.guitarcenter.com%2F,31/12/21,guitarcenter,10,NA,NA,35% Off,FALSE,fashion,NA,2934,4.2,10,1
ZAActiveStorage_VS/coupon.webp,Save 15% Off,NA,coupon,GCLD15,https://coupongini.digidip.net/visit?url=https%3A%2F%2Fwww.guitarcenter.com%2F,31/12/21,guitarcenter,10,NA,NA,15% Off,FALSE,fashion,NA,2945,4.2,10,1
ZAActiveStorage_VS/coupon.webp,Take $25 Off Sitewide,NA,coupon,DAILYPICK,https://coupongini.digidip.net/visit?url=https%3A%2F%2Fwww.guitarcenter.com%2F,31/12/21,guitarcenter,10,NA,NA,$25 Off,FALSE,fashion,NA,2956,4.2,10,1
ZAActiveStorage_VS/coupon.webp,Save 25% Off w/ Promo Code,NA,coupon,LD25,https://coupongini.digidip.net/visit?url=https%3A%2F%2Fwww.guitarcenter.com%2F,31/12/21,guitarcenter,10,NA,NA,25% Off,FALSE,fashion,NA,2967,4.2,10,1
ZAActiveStorage_VS/coupon.webp,Save 10% Off w/ Discount Code,NA,coupon,SAVE10,https://coupongini.digidip.net/visit?url=https%3A%2F%2Fwww.guitarcenter.com%2F,31/12/21,guitarcenter,10,NA,NA,10% Off,FALSE,fashion,NA,2978,4.2,10,1
ZAActiveStorage_VS/coupon.webp,Save 15% Off w/ Discount Code,NA,coupon,season,https://coupongini.digidip.net/visit?url=https%3A%2F%2Fwww.guitarcenter.com%2F,31/12/21,guitarcenter,10,NA,NA,15% Off,FALSE,fashion,NA,2989,4.2,10,1
ZAActiveStorage_VS/deal.webp,Save Up to an Extra 20% off Yamaha and Other Major Brands.,NA,deal,NA,https://coupongini.digidip.net/visit?url=https%3A%2F%2Fwww.guitarcenter.com%2F,31/12/21,guitarcenter,10,NA,NA,20% Off,FALSE,fashion,NA,3000,4.2,10,1
ZAActiveStorage_VS/deal.webp,"Save Up to an Extra 20% off on Any Orders from Yamaha, Plus Other Major Brands.",NA,deal,NA,https://coupongini.digidip.net/visit?url=https%3A%2F%2Fwww.guitarcenter.com%2F,31/12/21,guitarcenter,10,NA,NA,20% Off,FALSE,fashion,NA,3011,4.2,10,1
ZAActiveStorage_VS/deal.webp,"Up to 20% off Best Gear for Tracking Songs, Podcasting and Streaming",NA,deal,NA,https://coupongini.digidip.net/visit?url=https%3A%2F%2Fwww.guitarcenter.com%2F,31/12/21,guitarcenter,10,NA,NA,20% Off,FALSE,fashion,NA,3022,4.2,10,1
ZAActiveStorage_VS/deal.webp,Up to 20% off Iconic Drum Brands,NA,deal,NA,https://coupongini.digidip.net/visit?url=https%3A%2F%2Fwww.guitarcenter.com%2F,31/12/21,guitarcenter,10,NA,NA,20% Off,FALSE,fashion,NA,3033,4.2,10,1
ZAActiveStorage_VS/coupon.webp,10% off Sitewide,NA,coupon,BOSCH10,https://track.flexlinkspro.com/g.ashx?foid=156074.11565.818846&trid=1241732.215321&foc=16&fot=9999&fos=5,31/12/21,acmetools,10,NA,NA,10% Off,FALSE,fashion,NA,3044,4.2,10,1
ZAActiveStorage_VS/coupon.webp,Free Standard Shipping On Select Skateplace CST001 and CST002 kits w,NA,coupon,NOSHIP,https://track.flexlinkspro.com/g.ashx?foid=156074.11565.818846&trid=1241732.215321&foc=16&fot=9999&fos=5,31/12/21,acmetools,10,NA,NA,Free Ship,FALSE,fashion,NA,3055,4.2,10,1
ZAActiveStorage_VS/coupon.webp,Free Shipping With Select Knaack And Weatherguard Products,NA,coupon,FREESHIP,https://track.flexlinkspro.com/g.ashx?foid=156074.11565.818846&trid=1241732.215321&foc=16&fot=9999&fos=5,31/12/21,acmetools,10,NA,NA,Free Ship,FALSE,fashion,NA,3066,4.2,10,1
ZAActiveStorage_VS/deal.webp,$100 OFF 18V LXT Lithium Ion Cordless 8-Piece Combo Kit,NA,deal,NA,https://track.flexlinkspro.com/g.ashx?foid=156074.11565.818846&trid=1241732.215321&foc=16&fot=9999&fos=5,31/12/21,acmetools,10,NA,NA,$100 Off,FALSE,fashion,NA,3077,4.2,10,1
ZAActiveStorage_VS/deal.webp,Up to 60% Off Clearance,NA,deal,NA,https://track.flexlinkspro.com/g.ashx?foid=156074.11565.818846&trid=1241732.215321&foc=16&fot=9999&fos=5,31/12/21,acmetools,10,NA,NA,60% Off,FALSE,fashion,NA,3088,4.2,10,1
ZAActiveStorage_VS/deal.webp,Latest Discounts From Acme Tools,NA,deal,NA,https://track.flexlinkspro.com/g.ashx?foid=156074.11565.818846&trid=1241732.215321&foc=16&fot=9999&fos=5,31/12/21,acmetools,10,NA,NA,Hot Deal,FALSE,fashion,NA,3099,4.2,10,1
ZAActiveStorage_VS/deal.webp,Exclusive Savings,NA,deal,NA,https://track.flexlinkspro.com/g.ashx?foid=156074.11565.818846&trid=1241732.215321&foc=16&fot=9999&fos=5,31/12/21,acmetools,10,NA,NA,Hot Deal,FALSE,fashion,NA,3110,4.2,10,1
ZAActiveStorage_VS/coupon.webp,20% off Hoover ONEPWR,NA,coupon,20ONEPWR,https://track.flexlinkspro.com/g.ashx?foid=156074.11565.818846&trid=1241732.215321&foc=16&fot=9999&fos=5,31/12/21,acmetools,10,NA,NA,20% Off,FALSE,fashion,NA,3121,4.2,10,1
ZAActiveStorage_VS/deal.webp,$30 off Acme Tools Deal,NA,deal,NA,https://track.flexlinkspro.com/g.ashx?foid=156074.11565.818846&trid=1241732.215321&foc=16&fot=9999&fos=5,31/12/21,acmetools,10,NA,NA,$30 Off,FALSE,fashion,NA,3132,4.2,10,1
ZAActiveStorage_VS/coupon.webp,Take $5 Off,NA,coupon,feedback5,https://www.linkbux.com/track/e312XAJs6jXydsReJC7RFrnIWlDaunZCloZ2WL0sCXjOyLeyTwIHinMXBUmusp1ToRljNg_c_c?url=https%3A%2F%2Fmackweldon.com%2F,31/12/21,mackweldon,10,NA,NA,$5 Off,FALSE,fashion,NA,3143,4.2,10,1
ZAActiveStorage_VS/coupon.webp,Save 20% Off,NA,coupon,DAVERN,https://www.linkbux.com/track/e312XAJs6jXydsReJC7RFrnIWlDaunZCloZ2WL0sCXjOyLeyTwIHinMXBUmusp1ToRljNg_c_c?url=https%3A%2F%2Fmackweldon.com%2F,31/12/21,mackweldon,10,NA,NA,20% Off,FALSE,fashion,NA,3154,4.2,10,1
ZAActiveStorage_VS/coupon.webp,Save 20% Off Sitewide w/ Discount Code,NA,coupon,TEST,https://www.linkbux.com/track/e312XAJs6jXydsReJC7RFrnIWlDaunZCloZ2WL0sCXjOyLeyTwIHinMXBUmusp1ToRljNg_c_c?url=https%3A%2F%2Fmackweldon.com%2F,31/12/21,mackweldon,10,NA,NA,20% Off,FALSE,fashion,NA,3165,4.2,10,1
ZAActiveStorage_VS/coupon.webp,Save 10% Off,NA,coupon,tristan20,https://www.linkbux.com/track/e312XAJs6jXydsReJC7RFrnIWlDaunZCloZ2WL0sCXjOyLeyTwIHinMXBUmusp1ToRljNg_c_c?url=https%3A%2F%2Fmackweldon.com%2F,31/12/21,mackweldon,10,NA,NA,10% Off,FALSE,fashion,NA,3176,4.2,10,1
ZAActiveStorage_VS/coupon.webp,Save 20% Off,NA,coupon,DND,https://www.linkbux.com/track/e312XAJs6jXydsReJC7RFrnIWlDaunZCloZ2WL0sCXjOyLeyTwIHinMXBUmusp1ToRljNg_c_c?url=https%3A%2F%2Fmackweldon.com%2F,31/12/21,mackweldon,10,NA,NA,20% Off,FALSE,fashion,NA,3187,4.2,10,1
ZAActiveStorage_VS/coupon.webp,Save 10% Off using Coupon Code,NA,coupon,PLANET,https://www.linkbux.com/track/e312XAJs6jXydsReJC7RFrnIWlDaunZCloZ2WL0sCXjOyLeyTwIHinMXBUmusp1ToRljNg_c_c?url=https%3A%2F%2Fmackweldon.com%2F,31/12/21,mackweldon,10,NA,NA,10% Off,FALSE,fashion,NA,3198,4.2,10,1
ZAActiveStorage_VS/coupon.webp,Save 10% Off,NA,coupon,TIMTIM,https://www.linkbux.com/track/e312XAJs6jXydsReJC7RFrnIWlDaunZCloZ2WL0sCXjOyLeyTwIHinMXBUmusp1ToRljNg_c_c?url=https%3A%2F%2Fmackweldon.com%2F,31/12/21,mackweldon,10,NA,NA,10% Off,FALSE,fashion,NA,3209,4.2,10,1
ZAActiveStorage_VS/coupon.webp,Save 10% Off,NA,coupon,TALKSHOW,https://www.linkbux.com/track/e312XAJs6jXydsReJC7RFrnIWlDaunZCloZ2WL0sCXjOyLeyTwIHinMXBUmusp1ToRljNg_c_c?url=https%3A%2F%2Fmackweldon.com%2F,31/12/21,mackweldon,10,NA,NA,10% Off,FALSE,fashion,NA,3220,4.2,10,1
ZAActiveStorage_VS/coupon.webp,Save 15% Off w/ Coupon Code,NA,coupon,GIVEBACK10,https://www.linkbux.com/track/e312XAJs6jXydsReJC7RFrnIWlDaunZCloZ2WL0sCXjOyLeyTwIHinMXBUmusp1ToRljNg_c_c?url=https%3A%2F%2Fmackweldon.com%2F,31/12/21,mackweldon,10,NA,NA,15% Off,FALSE,fashion,NA,3231,4.2,10,1
ZAActiveStorage_VS/coupon.webp,Save 10% Off using Coupon Code,NA,coupon,newsday,https://www.linkbux.com/track/e312XAJs6jXydsReJC7RFrnIWlDaunZCloZ2WL0sCXjOyLeyTwIHinMXBUmusp1ToRljNg_c_c?url=https%3A%2F%2Fmackweldon.com%2F,31/12/21,mackweldon,10,NA,NA,10% Off,FALSE,fashion,NA,3242,4.2,10,1
ZAActiveStorage_VS/coupon.webp,Save 20% Off w/ Discount Code,NA,coupon,Djlou,https://www.linkbux.com/track/e312XAJs6jXydsReJC7RFrnIWlDaunZCloZ2WL0sCXjOyLeyTwIHinMXBUmusp1ToRljNg_c_c?url=https%3A%2F%2Fmackweldon.com%2F,31/12/21,mackweldon,10,NA,NA,20% Off,FALSE,fashion,NA,3253,4.2,10,1
ZAActiveStorage_VS/deal.webp,Free Shipping on Men's Clothing and Underwear on Orders Over $50.,NA,deal,NA,https://www.linkbux.com/track/e312XAJs6jXydsReJC7RFrnIWlDaunZCloZ2WL0sCXjOyLeyTwIHinMXBUmusp1ToRljNg_c_c?url=https%3A%2F%2Fmackweldon.com%2F,31/12/21,mackweldon,10,NA,NA,Free Ship,FALSE,fashion,NA,3264,4.2,10,1
ZAActiveStorage_VS/deal.webp,Free Shipping on $50+ and Mack Weldon Loyalty Perks,NA,deal,NA,https://www.linkbux.com/track/e312XAJs6jXydsReJC7RFrnIWlDaunZCloZ2WL0sCXjOyLeyTwIHinMXBUmusp1ToRljNg_c_c?url=https%3A%2F%2Fmackweldon.com%2F,31/12/21,mackweldon,10,NA,NA,Free Ship,FALSE,fashion,NA,3275,4.2,10,1
ZAActiveStorage_VS/deal.webp,20% Off All Orders Plus Free Shipping When You Join Loyalty Program,NA,deal,NA,https://www.linkbux.com/track/e312XAJs6jXydsReJC7RFrnIWlDaunZCloZ2WL0sCXjOyLeyTwIHinMXBUmusp1ToRljNg_c_c?url=https%3A%2F%2Fmackweldon.com%2F,31/12/21,mackweldon,10,NA,NA,20% Off,FALSE,fashion,NA,3286,4.2,10,1
ZAActiveStorage_VS/deal.webp,Savings Meter: Up to 20% Off All Orders,NA,deal,NA,https://www.linkbux.com/track/e312XAJs6jXydsReJC7RFrnIWlDaunZCloZ2WL0sCXjOyLeyTwIHinMXBUmusp1ToRljNg_c_c?url=https%3A%2F%2Fmackweldon.com%2F,31/12/21,mackweldon,10,NA,NA,20% Off,FALSE,fashion,NA,3297,4.2,10,1
ZAActiveStorage_VS/deal.webp,Free Shipping on Orders Over $50,NA,deal,NA,https://www.linkbux.com/track/e312XAJs6jXydsReJC7RFrnIWlDaunZCloZ2WL0sCXjOyLeyTwIHinMXBUmusp1ToRljNg_c_c?url=https%3A%2F%2Fmackweldon.com%2F,31/12/21,mackweldon,10,NA,NA,$50 Off,FALSE,fashion,NA,3308,4.2,10,1
ZAActiveStorage_VS/deal.webp,Get Free Shipping on Orders Over $50 With Mack Weldon Email Sign Up,NA,deal,NA,https://www.linkbux.com/track/e312XAJs6jXydsReJC7RFrnIWlDaunZCloZ2WL0sCXjOyLeyTwIHinMXBUmusp1ToRljNg_c_c?url=https%3A%2F%2Fmackweldon.com%2F,31/12/21,mackweldon,10,NA,NA,$50 Off,FALSE,fashion,NA,3319,4.2,10,1
ZAActiveStorage_VS/deal.webp,Shop Socks Starting at $14.50,NA,deal,NA,https://www.linkbux.com/track/e312XAJs6jXydsReJC7RFrnIWlDaunZCloZ2WL0sCXjOyLeyTwIHinMXBUmusp1ToRljNg_c_c?url=https%3A%2F%2Fmackweldon.com%2F,31/12/21,mackweldon,10,NA,NA,Hot Deal,FALSE,fashion,NA,3330,4.2,10,1
ZAActiveStorage_VS/deal.webp,Free Trial,NA,deal,NA,https://parallels.sjv.io/NKzd5b,31/12/21,parallelsdesktop,10,NA,NA,Hot Deal,FALSE,fashion,NA,3341,4.2,10,1
ZAActiveStorage_VS/deal.webp,50% off Upgrade to Parallels Desktop Pro Edition,NA,deal,NA,https://parallels.sjv.io/NKzd5b,31/12/21,parallelsdesktop,10,NA,NA,50% Off,FALSE,fashion,NA,3352,4.2,10,1
ZAActiveStorage_VS/deal.webp,Parallels Access Plans starting at $19.99/Year,NA,deal,NA,https://parallels.sjv.io/NKzd5b,31/12/21,parallelsdesktop,10,NA,NA,Hot Deal,FALSE,fashion,NA,3363,4.2,10,1
ZAActiveStorage_VS/coupon.webp,10% off New Parallels License,NA,coupon,VQU-V52-EU3,https://parallels.sjv.io/NKzd5b,31/12/21,parallelsdesktop,10,NA,NA,10% Off,FALSE,fashion,NA,3374,4.2,10,1
ZAActiveStorage_VS/coupon.webp,Parallels Desktop Student Edition at 50% Off for Students,NA,coupon,32D-TJV-QNP,https://parallels.sjv.io/NKzd5b,31/12/21,parallelsdesktop,10,NA,NA,50% Off,FALSE,fashion,NA,3385,4.2,10,1
ZAActiveStorage_VS/coupon.webp,50% OFF for Parallels Toolbox,NA,coupon,STAYSAFE,https://parallels.sjv.io/NKzd5b,31/12/21,parallelsdesktop,10,NA,NA,50% Off,FALSE,fashion,NA,3396,4.2,10,1
ZAActiveStorage_VS/coupon.webp,$10 off Parallels Desktop for Mac Standard,NA,coupon,KR4-7K2-NWM,https://parallels.sjv.io/NKzd5b,31/12/21,parallelsdesktop,10,NA,NA,$10 Off,FALSE,fashion,NA,3407,4.2,10,1
ZAActiveStorage_VS/coupon.webp,Business Edition – Flat 20% Off On Parallels Desktop,NA,coupon,YC8-5TU-1C9,https://parallels.sjv.io/NKzd5b,31/12/21,parallelsdesktop,10,NA,NA,20% Off,FALSE,fashion,NA,3418,4.2,10,1
ZAActiveStorage_VS/coupon.webp,Flat 60% Off On Antivirus Plus | Flat 70% Off On Total Security & Internet Security,NA,coupon,SEM2021,https://track.flexlinkspro.com/g.ashx?foid=156157.53217.4611686018427524051&trid=1241732.178627&foc=16&fot=9999&fos=5,31/12/21,bitdefender,10,NA,NA,60% Off,FALSE,fashion,NA,3429,4.2,10,1
ZAActiveStorage_VS/deal.webp,Up to 63% Off Exclusive BitDefender Deals,NA,deal,NA,https://track.flexlinkspro.com/g.ashx?foid=156157.53217.4611686018427524051&trid=1241732.178627&foc=16&fot=9999&fos=5,31/12/21,bitdefender,10,NA,NA,63% Off,FALSE,fashion,NA,3440,4.2,10,1
ZAActiveStorage_VS/deal.webp,2020 | Product of the Year - Up to $50 Off,NA,deal,NA,https://track.flexlinkspro.com/g.ashx?foid=156157.53217.4611686018427524051&trid=1241732.178627&foc=16&fot=9999&fos=5,31/12/21,bitdefender,10,NA,NA,$50 Off,FALSE,fashion,NA,3451,4.2,10,1
ZAActiveStorage_VS/deal.webp,Antivirus Plus 50% OFF,NA,deal,NA,https://track.flexlinkspro.com/g.ashx?foid=156157.53217.4611686018427524051&trid=1241732.178627&foc=16&fot=9999&fos=5,31/12/21,bitdefender,10,NA,NA,50% Off,FALSE,fashion,NA,3462,4.2,10,1
ZAActiveStorage_VS/deal.webp,50% Off BitDefender Security Software,NA,deal,NA,https://track.flexlinkspro.com/g.ashx?foid=156157.53217.4611686018427524051&trid=1241732.178627&foc=16&fot=9999&fos=5,31/12/21,bitdefender,10,NA,NA,50% Off,FALSE,fashion,NA,3473,4.2,10,1
ZAActiveStorage_VS/deal.webp,$50 Off BitDefender Total Security,NA,deal,NA,https://track.flexlinkspro.com/g.ashx?foid=156157.53217.4611686018427524051&trid=1241732.178627&foc=16&fot=9999&fos=5,31/12/21,bitdefender,10,NA,NA,$50 Off,FALSE,fashion,NA,3484,4.2,10,1
ZAActiveStorage_VS/deal.webp,$40 Off Bitdefender Internet Security,NA,deal,NA,https://track.flexlinkspro.com/g.ashx?foid=156157.53217.4611686018427524051&trid=1241732.178627&foc=16&fot=9999&fos=5,31/12/21,bitdefender,10,NA,NA,$40 Off,FALSE,fashion,NA,3495,4.2,10,1
ZAActiveStorage_VS/deal.webp,$30 Off Bitdefender AntiVirus Plus,NA,deal,NA,https://track.flexlinkspro.com/g.ashx?foid=156157.53217.4611686018427524051&trid=1241732.178627&foc=16&fot=9999&fos=5,31/12/21,bitdefender,10,NA,NA,$30 Off,FALSE,fashion,NA,3506,4.2,10,1
ZAActiveStorage_VS/coupon.webp,83% Off 24 Months Plan + 3 Extra Months For Free,NA,coupon,PASTGAS,https://surfshark.sjv.io/KeJRry,31/12/21,surfshark,10,NA,NA,83% Off,FALSE,fashion,NA,3517,4.2,10,1
ZAActiveStorage_VS/coupon.webp,83% Off 24 Month Plan,NA,coupon,sharkstart,https://surfshark.sjv.io/KeJRry,31/12/21,surfshark,10,NA,NA,83% Off,FALSE,fashion,NA,3528,4.2,10,1
ZAActiveStorage_VS/coupon.webp,75% off Cyber Month deal ends on VPN subscription for just $2.99/mo charged annually $36,NA,coupon,SHARKYEAR,https://surfshark.sjv.io/KeJRry,31/12/21,surfshark,10,NA,NA,75% Off,FALSE,fashion,NA,3539,4.2,10,1
ZAActiveStorage_VS/coupon.webp,83% Off Premium Surfshark VPN Subscription Now: $1.99/mo.,NA,coupon,blackfriday,https://surfshark.sjv.io/KeJRry,31/12/21,surfshark,10,NA,NA,83% Off,FALSE,fashion,NA,3550,4.2,10,1
ZAActiveStorage_VS/coupon.webp,83% Off On Vpn Subscription For Just $1.99/Mo. Get The Deal,NA,coupon,Blackshark,https://surfshark.sjv.io/KeJRry,31/12/21,surfshark,10,NA,NA,83% Off,FALSE,fashion,NA,3561,4.2,10,1
ZAActiveStorage_VS/coupon.webp,81% Off Storewide,NA,coupon,BLACKSHARK,https://surfshark.sjv.io/KeJRry,31/12/21,surfshark,10,NA,NA,81% Off,FALSE,fashion,NA,3572,4.2,10,1
ZAActiveStorage_VS/coupon.webp,55% Off 12 Month Subscription Plan,NA,coupon,BABYSHARK,https://surfshark.sjv.io/KeJRry,31/12/21,surfshark,10,NA,NA,55% Off,FALSE,fashion,NA,3583,4.2,10,1
ZAActiveStorage_VS/coupon.webp,Get secret VPN deal 1 years plan 75% Off (Unlimited Devices) $3.00/mo,NA,coupon,SECRETSHARK,https://surfshark.sjv.io/KeJRry,31/12/21,surfshark,10,NA,NA,75% Off,FALSE,fashion,NA,3594,4.2,10,1
ZAActiveStorage_VS/coupon.webp,Grab your job-dropping VPN deal 2 years plan 83% Off (Unlimited Devices) $1.99/mo,NA,coupon,NEEDSHARK,https://surfshark.sjv.io/KeJRry,31/12/21,surfshark,10,NA,NA,83% Off,FALSE,fashion,NA,3605,4.2,10,1
ZAActiveStorage_VS/coupon.webp,2y offer 83% off just $1.99/mo,NA,coupon,SHARKEXTRA,https://surfshark.sjv.io/KeJRry,31/12/21,surfshark,10,NA,NA,83% Off,FALSE,fashion,NA,3616,4.2,10,1
ZAActiveStorage_VS/coupon.webp,"VPN Holidays deal: 2 years +1 month free! (84% off, $1.91/month). Secure your Holidays now!",NA,coupon,HOLIDAYS19,https://surfshark.sjv.io/KeJRry,31/12/21,surfshark,10,NA,NA,84% Off,FALSE,fashion,NA,3627,4.2,10,1
ZAActiveStorage_VS/deal.webp,Amazing November deal! 83% off 2-year VPN subscription. Get for $1.99/mo,NA,deal,NA,https://surfshark.sjv.io/KeJRry,31/12/21,surfshark,10,NA,NA,83% Off,FALSE,fashion,NA,3638,4.2,10,1
ZAActiveStorage_VS/deal.webp,Access content and stay secure for just $0.07/day with an exclusive Surfshark deal,NA,deal,NA,https://surfshark.sjv.io/KeJRry,31/12/21,surfshark,10,NA,NA,Hot Deal,FALSE,fashion,NA,3649,4.2,10,1
ZAActiveStorage_VS/deal.webp,Premium VPN subscription is just $1.99/mo. Get 83% off!,NA,deal,NA,https://surfshark.sjv.io/KeJRry,31/12/21,surfshark,10,NA,NA,Hot Deal,FALSE,fashion,NA,3660,4.2,10,1
ZAActiveStorage_VS/deal.webp,Latest Discounts From Surfshark,NA,deal,NA,https://surfshark.sjv.io/KeJRry,31/12/21,surfshark,10,NA,NA,Hot Deal,FALSE,fashion,NA,3671,4.2,10,1
ZAActiveStorage_VS/coupon.webp,40% Off Sitewide At DataCamp,NA,coupon,ODSC-DCAMP,https://datacamp.pxf.io/e4qoDX,31/12/21,datacamp,10,NA,NA,40% Off,FALSE,fashion,NA,3682,4.2,10,1
ZAActiveStorage_VS/deal.webp,Professional For Teams Yearly Subscription Plan At $25/Month,NA,deal,NA,https://datacamp.pxf.io/e4qoDX,31/12/21,datacamp,10,NA,NA,Hot Deal,FALSE,fashion,NA,3693,4.2,10,1
ZAActiveStorage_VS/deal.webp,Standard Individuals Yearly Subscription Plan At $25/Month,NA,deal,NA,https://datacamp.pxf.io/e4qoDX,31/12/21,datacamp,10,NA,NA,Hot Deal,FALSE,fashion,NA,3704,4.2,10,1
ZAActiveStorage_VS/deal.webp,Premium Individuals Yearly Subscription Plan At $33.25/Month,NA,deal,NA,https://datacamp.pxf.io/e4qoDX,31/12/21,datacamp,10,NA,NA,Hot Deal,FALSE,fashion,NA,3715,4.2,10,1
ZAActiveStorage_VS/deal.webp,Free courses From Datacamp using Free Account,NA,deal,NA,https://datacamp.pxf.io/e4qoDX,31/12/21,datacamp,10,NA,NA,Hot Deal,FALSE,fashion,NA,3726,4.2,10,1
ZAActiveStorage_VS/deal.webp,Up to 14% off for Basic Annual Subscription from Datacamp,NA,deal,NA,https://datacamp.pxf.io/e4qoDX,31/12/21,datacamp,10,NA,NA,14% Off,FALSE,fashion,NA,3737,4.2,10,1
ZAActiveStorage_VS/deal.webp,33% OFF Datacamp Premium Annual Subscription,NA,deal,NA,https://datacamp.pxf.io/e4qoDX,31/12/21,datacamp,10,NA,NA,33% Off,FALSE,fashion,NA,3748,4.2,10,1
ZAActiveStorage_VS/deal.webp,TY20- Live (Full Service Included),NA,deal,NA,https://www.kqzyfj.com/click-100445317-13906760,31/12/21,turbotax,10,NA,NA,Hot Deal,FALSE,fashion,NA,3759,4.2,10,1
ZAActiveStorage_VS/deal.webp,TY20- Live Premier,NA,deal,NA,https://www.kqzyfj.com/click-100445317-13906760,31/12/21,turbotax,10,NA,NA,Hot Deal,FALSE,fashion,NA,3770,4.2,10,1
ZAActiveStorage_VS/deal.webp,TY20- Self-Employed,NA,deal,NA,https://www.kqzyfj.com/click-100445317-13906760,31/12/21,turbotax,10,NA,NA,Hot Deal,FALSE,fashion,NA,3781,4.2,10,1
ZAActiveStorage_VS/deal.webp,TY20 Home,NA,deal,NA,https://www.kqzyfj.com/click-100445317-13906760,31/12/21,turbotax,10,NA,NA,Hot Deal,FALSE,fashion,NA,3792,4.2,10,1
ZAActiveStorage_VS/deal.webp,TY20 Products,NA,deal,NA,https://www.kqzyfj.com/click-100445317-13906760,31/12/21,turbotax,10,NA,NA,Hot Deal,FALSE,fashion,NA,3803,4.2,10,1
ZAActiveStorage_VS/deal.webp,TY20 Max Refund,NA,deal,NA,https://www.kqzyfj.com/click-100445317-13906760,31/12/21,turbotax,10,NA,NA,Hot Deal,FALSE,fashion,NA,3814,4.2,10,1
ZAActiveStorage_VS/deal.webp,File Online,NA,deal,NA,https://www.kqzyfj.com/click-100445317-13906760,31/12/21,turbotax,10,NA,NA,Hot Deal,FALSE,fashion,NA,3825,4.2,10,1
ZAActiveStorage_VS/deal.webp,Deluxe Edition searches for more than 350 tax deductions and credits. Start today,NA,deal,NA,https://www.kqzyfj.com/click-100445317-13906760,31/12/21,turbotax,10,NA,NA,Hot Deal,FALSE,fashion,NA,3836,4.2,10,1
ZAActiveStorage_VS/coupon.webp,Save 10% Off (Sitewide) at Turbotax.com,NA,coupon,SAVE10,https://www.kqzyfj.com/click-100445317-13906760,31/12/21,turbotax,10,NA,NA,10% Off,FALSE,fashion,NA,3847,4.2,10,1
ZAActiveStorage_VS/coupon.webp,Get an Extra 20% Off Orders $100+ (Sitewide) at TurboTax w/Promo Code.,NA,coupon,BAGVKQYUFB-22,https://www.kqzyfj.com/click-100445317-13906760,31/12/21,turbotax,10,NA,NA,20% Off,FALSE,fashion,NA,3858,4.2,10,1
ZAActiveStorage_VS/coupon.webp,20% Off Storewide (Minimum Order: $100) at TurboTax w/Code.,NA,coupon,TY22,https://www.kqzyfj.com/click-100445317-13906760,31/12/21,turbotax,10,NA,NA,20% Off,FALSE,fashion,NA,3869,4.2,10,1
ZAActiveStorage_VS/coupon.webp,Get 1 Full Year Credit Monitoring & Free Credit Report at TurboTax,NA,coupon,BAGVKQYUFB,https://www.kqzyfj.com/click-100445317-13906760,31/12/21,turbotax,10,NA,NA,Hot Coupon,FALSE,fashion,NA,3880,4.2,10,1
ZAActiveStorage_VS/coupon.webp,One Month Free Coupon,NA,coupon,1MONTHFREE,https://vrbo.prf.hn/l/6WLw2ed,31/12/21,vrbo,10,NA,NA,Hot Coupon,FALSE,fashion,NA,3891,4.2,10,1
ZAActiveStorage_VS/deal.webp,Get 20% Off Stays in Newly-Listed Homes,NA,deal,NA,https://vrbo.prf.hn/l/6WLw2ed,31/12/21,vrbo,10,NA,NA,20% Off,FALSE,fashion,NA,3902,4.2,10,1
ZAActiveStorage_VS/deal.webp,Grand Canyon Flexible Cancellation Vacation Rentals,NA,deal,NA,https://vrbo.prf.hn/l/6WLw2ed,31/12/21,vrbo,10,NA,NA,Hot Deal,FALSE,fashion,NA,3913,4.2,10,1
ZAActiveStorage_VS/deal.webp,Europe vacation rentals under $200 a night,NA,deal,NA,https://vrbo.prf.hn/l/6WLw2ed,31/12/21,vrbo,10,NA,NA,Hot Deal,FALSE,fashion,NA,3924,4.2,10,1
ZAActiveStorage_VS/deal.webp,Lakeside rentals starting at $55 a night,NA,deal,NA,https://vrbo.prf.hn/l/6WLw2ed,31/12/21,vrbo,10,NA,NA,Hot Deal,FALSE,fashion,NA,3935,4.2,10,1
ZAActiveStorage_VS/deal.webp,Hawaii Vacation Rentals Book now with,NA,deal,NA,https://vrbo.prf.hn/l/6WLw2ed,31/12/21,vrbo,10,NA,NA,Hot Deal,FALSE,fashion,NA,3946,4.2,10,1
ZAActiveStorage_VS/coupon.webp,Save 20% Off,NA,coupon,GIFT20,https://coupongini.digidip.net/visit?url=https%3A%2F%2Fwww.sportsdirect.com%2F,31/12/21,sportsdirect,10,NA,NA,20% Off,FALSE,fashion,NA,3957,4.2,10,1
ZAActiveStorage_VS/coupon.webp,Save 10% Off w/ Promo Code,NA,coupon,COURTNEY10,https://coupongini.digidip.net/visit?url=https%3A%2F%2Fwww.sportsdirect.com%2F,31/12/21,sportsdirect,10,NA,NA,10% Off,FALSE,fashion,NA,3968,4.2,10,1
ZAActiveStorage_VS/coupon.webp,Save 20% Off with Code,NA,coupon,AUTUMN20,https://coupongini.digidip.net/visit?url=https%3A%2F%2Fwww.sportsdirect.com%2F,31/12/21,sportsdirect,10,NA,NA,20% Off,FALSE,fashion,NA,3979,4.2,10,1
ZAActiveStorage_VS/coupon.webp,Save 10% Off w/ Promo Code,NA,coupon,OVIE10,https://coupongini.digidip.net/visit?url=https%3A%2F%2Fwww.sportsdirect.com%2F,31/12/21,sportsdirect,10,NA,NA,10% Off,FALSE,fashion,NA,3990,4.2,10,1
ZAActiveStorage_VS/deal.webp,Students Save 10%,NA,deal,NA,https://coupongini.digidip.net/visit?url=https%3A%2F%2Fwww.sportsdirect.com%2F,31/12/21,sportsdirect,10,NA,NA,10% Off,FALSE,fashion,NA,4001,4.2,10,1
ZAActiveStorage_VS/deal.webp,Save up to 70% off Sale,NA,deal,NA,https://coupongini.digidip.net/visit?url=https%3A%2F%2Fwww.sportsdirect.com%2F,31/12/21,sportsdirect,10,NA,NA,70% Off,FALSE,fashion,NA,4012,4.2,10,1
ZAActiveStorage_VS/deal.webp,Up to 90% off in Mega Deals Outlet,NA,deal,NA,https://coupongini.digidip.net/visit?url=https%3A%2F%2Fwww.sportsdirect.com%2F,31/12/21,sportsdirect,10,NA,NA,90% Off,FALSE,fashion,NA,4023,4.2,10,1
ZAActiveStorage_VS/deal.webp,Save up to 50% off Puma,NA,deal,NA,https://coupongini.digidip.net/visit?url=https%3A%2F%2Fwww.sportsdirect.com%2F,31/12/21,sportsdirect,10,NA,NA,50% Off,FALSE,fashion,NA,4034,4.2,10,1